tipo,chave,valor
saudacao,,Boa tarde
saudacao,,Boa noite
saudacao,,Bom dia
saudacao,,Olá
saudacao,,Oi
saudacao,,Olá
saudacao,,Oi
saudacao,,Pessoal
saudacao,,E aí
saudacao,,Opa
saudacao,,
saudacao,,
saudacao,,
saudacao,,
saudacao,,
saudacao,,
fechamento,, Aguardo retorno.
fechamento,, Obrigado.
fechamento,, Obrigada.
fechamento,, Agradeço a atenção.
fechamento,, Att.
fechamento,, Grato.
fechamento,, Grata.
fechamento,, Valeu.
fechamento,, Espero uma solução.
fechamento,, Desde já agradeço.
fechamento,, Podem me ajudar?
fechamento,, O que eu faço?
fechamento,,
fechamento,,
fechamento,,
fechamento,,
fechamento,,
fechamento,,
cross_area,pix,Meu cartão também tava com problema
cross_area,pix,O atendimento não me ajudou quando liguei
cross_area,cartao,O pix também não funciona
cross_area,cartao,Minha conta tá com problema também
cross_area,conta,Meu cartão também foi afetado
cross_area,conta,Nem pix consigo fazer
cross_area,emprestimo,Minha conta ficou bloqueada por causa disso
cross_area,emprestimo,O atendimento não soube explicar
cross_area,investimento,Minha conta também tá com problema
cross_area,investimento,O atendimento não resolve
cross_area,atendimento,É sobre problema com pix
cross_area,atendimento,O problema é com meu cartão
cross_area,atendimento,Preciso resolver questão da conta
nome,,João
nome,,Maria
nome,,Pedro
nome,,Ana
nome,,Carlos
nome,,Fernanda
nome,,Lucas
nome,,Juliana
nome,,Rafael
nome,,Patricia
nome,,Bruno
nome,,Camila
nome,,Diego
nome,,Larissa
nome,,Felipe
nome,,Mariana
nome,,André
nome,,Beatriz
nome,,Thiago
nome,,Amanda
nome,,Roberto
nome,,Sandra
nome,,Rodrigo
nome,,Isabela
nome,,Marcos
nome,,Letícia
nome,,Gustavo
nome,,Daniela
nome,,Eduardo
nome,,Vanessa
nome,,Ricardo
nome,,Priscila
loja,,Magazine Luiza
loja,,Americanas
loja,,Shopee
loja,,Mercado Livre
loja,,Amazon
loja,,Casas Bahia
loja,,Renner
loja,,Uber
loja,,iFood
loja,,Netflix
loja,,Spotify
loja,,uma loja online
loja,,um site que não conheço
loja,,uma loja no shopping
loja,,uma farmácia
loja,,um posto de gasolina
loja,,um restaurante
loja,,Shein
loja,,AliExpress
loja,,Kabum
loja,,Submarino
loja,,PicPay
loja,,Rappi
loja,,Apple
loja,,Google Play
loja,,Zara
loja,,C&A
loja,,Riachuelo
loja,,Centauro
loja,,Drogasil
loja,,Pão de Açúcar
loja,,Carrefour
loja,,Havan
loja,,Leroy Merlin
investimento,,CDB
investimento,,LCI
investimento,,LCA
investimento,,Tesouro Direto
investimento,,Tesouro Selic
investimento,,fundo de renda fixa
investimento,,fundo multimercado
investimento,,ações
investimento,,FII
investimento,,poupança
investimento,,Tesouro IPCA
investimento,,CDB de liquidez diária
investimento,,fundo imobiliário
investimento,,debêntures
investimento,,previdência privada
tempo,,hoje
tempo,,hoje de manhã
tempo,,hoje à tarde
tempo,,agora pouco
tempo,,ontem
tempo,,ontem à noite
tempo,,anteontem
tempo,,faz 2 dias
tempo,,faz 3 dias
tempo,,faz uns dias
tempo,,essa semana
tempo,,faz uma semana
tempo,,faz mais de uma semana
tempo,,faz 10 dias
tempo,,faz duas semanas
tempo,,desde semana passada
tempo,,faz quase um mês
tempo,,faz um mês
tempo,,desde o mês passado
erro,,erro 500
erro,,erro de conexão
erro,,timeout
erro,,serviço indisponível
erro,,tente novamente mais tarde
erro,,operação não permitida
erro,,limite excedido
erro,,dados inválidos
erro,,falha na autenticação
erro,,erro desconhecido
erro,,falha no servidor
erro,,sessão expirada
complemento_urgencia,baixa,Queria só uma informação
complemento_urgencia,baixa,É só uma dúvida
complemento_urgencia,baixa,Quando puderem me responder
complemento_urgencia,baixa,Sem pressa
complemento_urgencia,baixa,Pode ser no prazo normal
complemento_urgencia,baixa,Quero só entender melhor
complemento_urgencia,baixa,Não é nada urgente
complemento_urgencia,baixa,Tô perguntando pra me organizar
complemento_urgencia,baixa,Posso aguardar
complemento_urgencia,baixa,Quando tiver um tempinho
complemento_urgencia,baixa,É mais pra controle mesmo
complemento_urgencia,baixa,Sem correria
complemento_urgencia,baixa,Quero resolver com calma
complemento_urgencia,baixa,Nada grave
complemento_urgencia,baixa,Só pra eu saber
complemento_urgencia,baixa,Tô só conferindo
complemento_urgencia,baixa,Pode responder quando der
complemento_urgencia,baixa,Não tem pressa nenhuma
complemento_urgencia,baixa,
complemento_urgencia,baixa,
complemento_urgencia,baixa,
complemento_urgencia,media,Preciso resolver isso em breve
complemento_urgencia,media,Gostaria de um retorno essa semana
complemento_urgencia,media,Quero resolver antes que vire um problema maior
complemento_urgencia,media,Preciso de uma posição
complemento_urgencia,media,Já faz um tempo e não resolveram
complemento_urgencia,media,Queria que agilizassem
complemento_urgencia,media,Não é emergência mas preciso resolver
complemento_urgencia,media,Tá pendente há dias
complemento_urgencia,media,Se puderem olhar com atenção
complemento_urgencia,media,Quero evitar que piore
complemento_urgencia,media,Preciso resolver antes do vencimento
complemento_urgencia,media,Seria bom resolver essa semana
complemento_urgencia,media,Tá me atrapalhando
complemento_urgencia,media,Preciso de uma solução em breve
complemento_urgencia,media,Quero resolver logo pra não dar problema
complemento_urgencia,media,Já tentei resolver sozinho e não consegui
complemento_urgencia,media,Se demorar mais vai complicar
complemento_urgencia,media,Preciso que analisem isso
complemento_urgencia,media,
complemento_urgencia,media,
complemento_urgencia,media,
complemento_urgencia,alta,Tô sem acesso ao meu dinheiro
complemento_urgencia,alta,Preciso do dinheiro pra pagar conta que vence hoje
complemento_urgencia,alta,Tão descontando dinheiro da minha conta sem autorização
complemento_urgencia,alta,Meu salário tá preso e preciso pagar aluguel
complemento_urgencia,alta,Tô tendo prejuízo financeiro real
complemento_urgencia,alta,Cada dia que passa perco dinheiro
complemento_urgencia,alta,Não consigo fazer nenhuma operação financeira
complemento_urgencia,alta,Tô sendo cobrado por algo que já paguei
complemento_urgencia,alta,Meu nome tá sujo por erro do banco
complemento_urgencia,alta,Fizeram transações na minha conta sem eu autorizar
complemento_urgencia,alta,Tô completamente bloqueado financeiramente
complemento_urgencia,alta,Preciso resolver porque tô perdendo dinheiro
complemento_urgencia,alta,Isso tá gerando juros e multas
complemento_urgencia,alta,Meu cartão tá sendo usado por terceiros agora
complemento_urgencia,alta,Preciso do estorno porque o valor é alto
complemento_urgencia,alta,Tô sem conseguir pagar minhas contas por causa disso
complemento_urgencia,alta,O prejuízo tá aumentando a cada dia
complemento_urgencia,alta,Preciso que bloqueiem as transações fraudulentas
complemento_urgencia,alta,Minha renda tá comprometida por essa cobrança
complemento_urgencia,alta,Não posso ficar sem acesso à minha conta
complemento_urgencia,alta,
complemento_urgencia,alta,
nome,_,Thiago
nome,_,Renata
nome,_,Cauã
nome,_,Valentina
nome,_,Heitor
nome,_,Lívia
nome,_,Enzo
nome,_,Isabela
nome,_,Davi
nome,_,Helena
nome,_,Matheus
nome,_,Camila
nome,_,Lorenzo
nome,_,Giovanna
nome,_,Murilo
nome,_,Letícia
nome,_,Guilherme
nome,_,Manuela
nome,_,Nicolas
nome,_,Clara
loja,_,Shopee
loja,_,Shein
loja,_,Mercado Livre
loja,_,iFood
loja,_,Uber
loja,_,99
loja,_,Magalu
loja,_,Casas Bahia
loja,_,Renner
loja,_,Riachuelo
loja,_,Decathlon
loja,_,Drogasil
loja,_,Droga Raia
loja,_,Burger King
loja,_,McDonalds
loja,_,Starbucks
loja,_,Swift
loja,_,Havan
loja,_,Leroy Merlin
loja,_,Centauro
loja,_,Zara
saudacao,_,E aí pessoal
saudacao,_,"Opa, tudo bem"
saudacao,_,"Oi, boa noite"
saudacao,_,"Olá, bom dia"
saudacao,_,Boa noite
saudacao,_,Alô
saudacao,_,Oi gente
saudacao,_,Eae
fechamento,_, Fico no aguardo.
fechamento,_, Agradeço a atenção.
fechamento,_, Espero que resolvam.
fechamento,_, Conto com vocês.
fechamento,_, Valeu pela ajuda.
fechamento,_, Obrigado desde já.
fechamento,_," Att, {nome}."
fechamento,_, Grato pela atenção.
fechamento,_, Abraço.
fechamento,_, Preciso de retorno.
investimento,_,CDB pré-fixado
investimento,_,Tesouro Selic
investimento,_,Tesouro IPCA
investimento,_,LCI
investimento,_,LCA
investimento,_,fundo multimercado
investimento,_,debêntures
investimento,_,COE
investimento,_,fundo imobiliário
investimento,_,ações
erro,_,timeout
erro,_,conexão recusada
erro,_,sessão expirada
erro,_,versão desatualizada
erro,_,tela branca
erro,_,não carrega
erro,_,loop de login
erro,_,app fecha sozinho
erro,_,operação não permitida
erro,_,falha de autenticação
tempo,_,segunda-feira
tempo,_,no fim de semana
tempo,_,há duas semanas
tempo,_,mês passado
tempo,_,ontem à tarde
tempo,_,de manhã cedo
tempo,_,faz 3 dias
tempo,_,semana passada
tempo,_,faz mais de um mês
tempo,_,essa madrugada
tempo,_,há 20 dias
cross_area,seguranca,Minha conta também pode estar comprometida
cross_area,seguranca,Tô preocupado com a segurança dos meus dados
cross_area,seguranca,Quero verificar se tem mais movimentações estranhas
cross_area,cadastro,Meus dados cadastrais podem estar errados por causa disso
cross_area,cadastro,Preciso verificar meu cadastro também
cross_area,cadastro,O problema pode ser no cadastro